t0,t1,t_mean,t0_data,t1_data,cps_bgsub,cps_bgsub_err,flux_bgsub,flux_bgsub_err,mag_bgsub,mag_bgsub_err_1,mag_bgsub_err_2,cps_mcatbgsub,cps_mcatbgsub_err,flux_mcatbgsub,flux_mcatbgsub_err,mag_mcatbgsub,mag_mcatbgsub_err_1,mag_mcatbgsub_err_2,cps,cps_err,flux,flux_err,mag,mag_err_1,mag_err_2,counts,flat_counts,bg_counts,bg_flat_counts,exptime,bg,mcat_bg,responses,detxs,detys,detrad,racent,deccent,flags
1004757878.995,1004757978.995,1004757933.9884703,1004757879.015,1004757978.75,0.409182823290896,0.2039255132857697,8.429166159792457e-17,4.2008655736868555e-17,21.050206513563865,0.4390495669900467,0.749046904011557,,,,,,,,1.8448865063226918,0.1529256729936447,3.800466203024745e-16,3.150268863669081e-17,19.415075863997878,0.08646250500321173,0.0939483723207708,134.0,145.53870557513937,79.0,72.7096397401505,78.88761995730212,113.25924651831126,,0.9209255906958971,182.8028564453125,463.6428527832031,226.32943219718464,10.258194107342065,40.2084364443834,0.0
1004757978.995,1004757983.995,1004757981.725,1004757979.595,1004757983.7,1.190695386555602,0.817909235091625,2.45283249630454e-16,1.6848930242887475e-16,19.89049832269645,0.567734466787428,1.2608522510821167,,,,,,,,1.9168292039955894,0.696548365107024,3.9486681602309143e-16,1.4348896321204694e-16,19.373541456285288,0.3365468542468868,0.4903090638646397,7.0,7.57293589522792,2.0,1.8416871205657983,3.9507619559647242,2.8687818608813376,,0.924571314378263,181.0743865966797,463.8651428222656,228.0508291406292,10.257479296512413,40.21010478585965,0.0
