t0,t1,t_mean,t0_data,t1_data,cps_bgsub,cps_bgsub_err,flux_bgsub,flux_bgsub_err,mag_bgsub,mag_bgsub_err_1,mag_bgsub_err_2,cps_mcatbgsub,cps_mcatbgsub_err,flux_mcatbgsub,flux_mcatbgsub_err,mag_mcatbgsub,mag_mcatbgsub_err_1,mag_mcatbgsub_err_2,cps,cps_err,flux,flux_err,mag,mag_err_1,mag_err_2,counts,flat_counts,bg_counts,bg_flat_counts,exptime,bg,mcat_bg,responses,detxs,detys,detrad,racent,deccent,flags
762275988.995,762276088.995,762276037.0948256,762275990.241,762276088.468,1.1315476431433609,0.19520213643312867,2.3309881448753234e-16,4.02116401052245e-17,19.945817889030838,0.17279044940240595,0.20559178407539136,1.1527962104261844,0.19458249509576123,2.37476019347794e-16,4.008399398972681e-17,19.925618649607525,0.16934284790286114,0.20072539336055684,2.24188836959447,0.15963374891249804,4.618290041364608e-16,3.2884552275974594e-17,19.203465040097605,0.07468151743229612,0.08020037367607813,172.0,197.23252835702635,72.0,62.710339584639414,87.97607009875487,97.68341358376517,95.81404813899337,0.8722995767392017,293.065185546875,291.8846740722656,152.06570370265777,176.91991831589058,0.25488903158803977,0.0
762276088.995,762276104.995,762276097.2290409,762276089.208,762276104.864,2.264192376723145,0.621682461409876,4.664236296049679e-16,1.2806658705043446e-16,19.192716690396825,0.2634104193773972,0.3485133097575073,2.7928241831355702,0.5910493243592916,5.753217817259275e-16,1.2175616081801406e-16,18.9648910090266,0.2084263098201511,0.25817672004032843,3.8819163423038554,0.5223054508307647,7.996747665145942e-16,1.0759492287113754e-16,18.607384570403198,0.13705752434790952,0.1568929782886741,49.0,55.23867176775249,17.0,14.77814078364272,14.229742966322974,23.01979622067422,15.49750149160241,0.8872169022415854,288.6917724609375,292.4416198730469,154.7847752636604,176.91981951238583,0.25504168674199873,0.0
