t0,t1,t_mean,t0_data,t1_data,cps_bgsub,cps_bgsub_err,flux_bgsub,flux_bgsub_err,mag_bgsub,mag_bgsub_err_1,mag_bgsub_err_2,cps_mcatbgsub,cps_mcatbgsub_err,flux_mcatbgsub,flux_mcatbgsub_err,mag_mcatbgsub,mag_mcatbgsub_err_1,mag_mcatbgsub_err_2,cps,cps_err,flux,flux_err,mag,mag_err_1,mag_err_2,counts,flat_counts,bg_counts,bg_flat_counts,exptime,bg,mcat_bg,responses,detxs,detys,detrad,racent,deccent,flags
858613178.995,858613278.995,858613231.1553521,858613179.065,858613277.67,0.8253144653678482,0.18774860052519218,1.7001477986577672e-16,3.867621170818959e-17,20.288451357254562,0.2225425627500357,0.28023600033286655,0.8880540329212969,0.18586943961701388,1.8293913078178717e-16,3.8289104561104857e-17,20.20890152281235,0.206334859744306,0.25497023633931803,1.9876303119769723,0.1491395913673965,4.094518442672563e-16,3.0722755821683676e-17,19.334160971877093,0.07855536679582542,0.08468542261917023,142.0,177.6173249041226,83.0,66.67947891136626,89.36134845290103,103.86611138116659,98.25961902323854,0.7995581970697603,461.187255859375,260.47943115234375,152.34785660183803,176.91971421528623,0.2543712925111633,0.0
858613278.995,858613287.995,858613283.0573684,858613279.185,858613286.915,2.3077190294645136,0.6639570154678196,4.753901200696897e-16,1.3677514518637084e-16,19.172042671829324,0.2745463302718143,0.3683599780828182,1.8268618982647848,0.7075544596986245,3.7633355104254565e-16,1.4575621869791666e-16,19.42573570481031,0.35543061230784545,0.5318908203022126,2.92643817732046,0.6032424353566965,6.028462645280148e-16,1.2426794168347948e-16,18.914151615430267,0.20349013922043824,0.25063387699405126,19.0,23.53395607383819,4.0,3.194239427586033,8.041842898381892,4.9756421852782395,8.842619690953068,0.807373043481464,458.80377197265625,261.3563537597656,150.59861965170666,176.9194452452556,0.25513564405202516,0.0
