t0,t1,t_mean,t0_data,t1_data,cps_bgsub,cps_bgsub_err,flux_bgsub,flux_bgsub_err,mag_bgsub,mag_bgsub_err_1,mag_bgsub_err_2,cps_mcatbgsub,cps_mcatbgsub_err,flux_mcatbgsub,flux_mcatbgsub_err,mag_mcatbgsub,mag_mcatbgsub_err_1,mag_mcatbgsub_err_2,cps,cps_err,flux,flux_err,mag,mag_err_1,mag_err_2,counts,flat_counts,bg_counts,bg_flat_counts,exptime,bg,mcat_bg,responses,detxs,detys,detrad,racent,deccent,flags
939389033.995,939389075.995,939389055.3666664,939389034.995,939389075.99,272.6214427121719,2.9893143928000376,5.616001719870742e-14,6.157987649168077e-16,13.991099970617505,0.011840380884997614,0.011970929897866966,,,,,,,,284.40084476180044,2.9292672010201932,5.85865740209309e-14,6.034290434101598e-16,13.945172794865842,0.011125650082526306,0.011240837109935953,7624.0,9426.354891910243,264.0,212.0819984914521,33.14460932704076,390.42367904108227,,0.8090013779269147,461.1598205566406,77.9756851196289,327.78069348985895,11.15558170722487,40.679788436951725,32.0
