t0,t1,t_mean,t0_data,t1_data,cps_bgsub,cps_bgsub_err,flux_bgsub,flux_bgsub_err,mag_bgsub,mag_bgsub_err_1,mag_bgsub_err_2,cps_mcatbgsub,cps_mcatbgsub_err,flux_mcatbgsub,flux_mcatbgsub_err,mag_mcatbgsub,mag_mcatbgsub_err_1,mag_mcatbgsub_err_2,cps,cps_err,flux,flux_err,mag,mag_err_1,mag_err_2,counts,flat_counts,bg_counts,bg_flat_counts,exptime,bg,mcat_bg,responses,detxs,detys,detrad,racent,deccent,flags
1004757878.995,1004757978.995,1004757928.8218389,1004757879.0,1004757978.99,316.7709110979073,2.0826157916328736,6.52548076861689e-14,4.2901885307637193e-16,13.828136765699519,0.00711482857485457,0.007161759750440311,327.5006747514128,2.049701260967788,6.746513899879104e-14,4.222384597593643e-16,13.79196950223001,0.006774030981057777,0.006816560411259331,329.4646403681096,2.0436192208825434,6.786971591583058e-14,4.2098555950180394e-16,13.785477972531123,0.006713856036462573,0.006755630897158582,21492.0,25990.68133872865,656.0,543.9584689182539,78.88761995730212,1001.3780905086036,154.93257317918741,0.8271080643695894,559.9835205078125,138.92388916015625,306.1951379191578,11.155429322202762,40.68000271387168,48.0
1004757978.995,1004757983.995,1004757981.5524029,1004757979.0,1004757983.99,321.6732309479482,9.416018188802205,6.626468557527733e-14,1.9396997468932543e-15,13.811462696947057,0.03132539424863623,0.032256105971391946,334.0126899984149,9.248680302382825,6.880661413967347e-14,1.905228142290862e-15,13.77059258228551,0.029654911930823147,0.030487680765645564,335.9766556151117,9.221766465444626,6.921119105671301e-14,1.899683891881593e-15,13.764227243205069,0.029399247869246636,0.030217520449349777,1082.0,1327.3637890964453,37.0,30.696478329155916,3.9507619559647242,56.50942601503702,7.759160641268604,0.8153619763627556,558.7140502929688,139.9033966064453,304.69721504677904,11.155298423381586,40.679959095631965,48.0
