t0,t1,t_mean,t0_data,t1_data,cps_bgsub,cps_bgsub_err,flux_bgsub,flux_bgsub_err,mag_bgsub,mag_bgsub_err_1,mag_bgsub_err_2,cps_mcatbgsub,cps_mcatbgsub_err,flux_mcatbgsub,flux_mcatbgsub_err,mag_mcatbgsub,mag_mcatbgsub_err_1,mag_mcatbgsub_err_2,cps,cps_err,flux,flux_err,mag,mag_err_1,mag_err_2,counts,flat_counts,bg_counts,bg_flat_counts,exptime,bg,mcat_bg,responses,detxs,detys,detrad,racent,deccent,flags
1004757878.995,1004757978.995,1004757927.6649705,1004757879.155,1004757978.855,5.817242700181295,0.3268582997098384,1.1983519962373467e-15,6.73328097402267e-17,18.168207041745823,0.059352907341111205,0.06278607838607897,5.175113563376474,0.3390813237744689,1.0660733940555536e-15,6.98507526975406e-17,18.295200288877318,0.06890556694994387,0.07357674252295965,7.12265396293433,0.30048064032008814,1.467266716364472e-15,6.189901190593816e-17,17.948395385747673,0.044863724897350465,0.04679774225155242,508.0,561.8892189153353,62.0,55.94018090985064,78.88761995730212,102.98078758404323,153.6368268918125,0.9043079505799948,198.397705078125,465.7756652832031,212.06113142491398,10.291927471525758,40.202609391830705,0.0
1004757978.995,1004757983.995,1004757981.0892105,1004757979.155,1004757983.835,4.5096298945539655,1.2522149532264792,9.289837582781169e-16,2.5795628036465473e-16,18.444647748048173,0.26605164711429197,0.3531695417150651,3.4047554582475668,1.3593025379052253,7.013796243989988e-16,2.800163228084764e-16,18.749785188047248,0.3647277875677055,0.5532410921869051,5.352295857805424,1.163937402918004,1.1025729467079173e-15,2.3977110500110884e-16,18.25864972041513,0.2136412761544939,0.2662406718542627,19.0,21.145646852085246,2.0,1.8084394528988907,3.9507619559647242,3.3291726292002304,7.694268518277517,0.8986771714203128,197.00265502929688,466.32904052734375,213.55904027325244,10.291492573602158,40.203158680556655,0.0
